date,hospital_id,name,region,total_beds,total_icu,occupied_beds,occupied_icu,admissions,discharges,staff_required,staff_available,free_beds,free_icu,utilization_rate,notes
2025-10-11,pune-sanjivani-hospital,Sanjivani Hospital,Pune,313,15,230,11,17,19,84,76,83,4,0.735,synthetic-india-30d
2025-10-12,pune-sanjivani-hospital,Sanjivani Hospital,Pune,313,15,232,10,17,13,81,72,81,5,0.741,synthetic-india-30d
2025-10-13,pune-sanjivani-hospital,Sanjivani Hospital,Pune,313,15,238,9,12,10,83,80,75,6,0.76,synthetic-india-30d
2025-10-14,pune-sanjivani-hospital,Sanjivani Hospital,Pune,313,15,242,9,15,13,84,79,71,6,0.773,synthetic-india-30d
2025-10-15,pune-sanjivani-hospital,Sanjivani Hospital,Pune,313,15,249,9,18,11,86,76,64,6,0.796,synthetic-india-30d
2025-10-16,pune-sanjivani-hospital,Sanjivani Hospital,Pune,313,15,250,9,16,11,83,79,63,6,0.799,synthetic-india-30d
2025-10-17,pune-sanjivani-hospital,Sanjivani Hospital,Pune,313,15,251,9,16,13,83,83,62,6,0.802,synthetic-india-30d
2025-10-18,pune-sanjivani-hospital,Sanjivani Hospital,Pune,313,15,258,10,14,10,83,80,55,5,0.824,synthetic-india-30d
2025-10-19,pune-sanjivani-hospital,Sanjivani Hospital,Pune,313,15,256,10,15,18,84,80,57,5,0.818,synthetic-india-30d
2025-10-20,pune-sanjivani-hospital,Sanjivani Hospital,Pune,313,15,263,9,20,13,85,77,50,6,0.84,synthetic-india-30d
2025-10-21,pune-sanjivani-hospital,Sanjivani Hospital,Pune,313,15,268,8,20,13,83,83,45,7,0.856,synthetic-india-30d
2025-10-22,pune-sanjivani-hospital,Sanjivani Hospital,Pune,313,15,266,7,17,19,84,78,47,8,0.85,synthetic-india-30d
2025-10-23,pune-sanjivani-hospital,Sanjivani Hospital,Pune,313,15,267,7,16,15,84,85,46,8,0.853,synthetic-india-30d
2025-10-24,pune-sanjivani-hospital,Sanjivani Hospital,Pune,313,15,259,5,13,15,81,74,54,10,0.827,synthetic-india-30d
2025-10-25,pune-sanjivani-hospital,Sanjivani Hospital,Pune,313,15,252,5,15,22,87,79,61,10,0.805,synthetic-india-30d
2025-10-26,pune-sanjivani-hospital,Sanjivani Hospital,Pune,313,15,261,5,17,12,85,84,52,10,0.834,synthetic-india-30d
2025-10-27,pune-sanjivani-hospital,Sanjivani Hospital,Pune,313,15,260,5,12,13,82,80,53,10,0.831,synthetic-india-30d
2025-10-28,pune-sanjivani-hospital,Sanjivani Hospital,Pune,313,15,261,5,17,16,86,83,52,10,0.834,synthetic-india-30d
2025-10-29,pune-sanjivani-hospital,Sanjivani Hospital,Pune,313,15,255,5,16,18,82,80,58,10,0.815,synthetic-india-30d
2025-10-30,pune-sanjivani-hospital,Sanjivani Hospital,Pune,313,15,253,4,11,16,82,80,60,11,0.808,synthetic-india-30d
2025-10-31,pune-sanjivani-hospital,Sanjivani Hospital,Pune,313,15,247,4,12,16,86,83,66,11,0.789,synthetic-india-30d
2025-11-01,pune-sanjivani-hospital,Sanjivani Hospital,Pune,313,15,251,4,16,12,84,81,62,11,0.802,synthetic-india-30d
2025-11-02,pune-sanjivani-hospital,Sanjivani Hospital,Pune,313,15,247,6,15,19,82,82,66,9,0.789,synthetic-india-30d
2025-11-03,pune-sanjivani-hospital,Sanjivani Hospital,Pune,313,15,252,6,17,14,84,77,61,9,0.805,synthetic-india-30d
2025-11-04,pune-sanjivani-hospital,Sanjivani Hospital,Pune,313,15,257,7,16,11,85,85,56,8,0.821,synthetic-india-30d
2025-11-05,pune-sanjivani-hospital,Sanjivani Hospital,Pune,313,15,255,5,12,17,83,82,58,10,0.815,synthetic-india-30d
2025-11-06,pune-sanjivani-hospital,Sanjivani Hospital,Pune,313,15,247,5,17,26,84,78,66,10,0.789,synthetic-india-30d
2025-11-07,pune-sanjivani-hospital,Sanjivani Hospital,Pune,313,15,247,4,17,15,85,81,66,11,0.789,synthetic-india-30d
2025-11-08,pune-sanjivani-hospital,Sanjivani Hospital,Pune,313,15,243,4,14,18,83,73,70,11,0.776,synthetic-india-30d
2025-11-09,pune-sanjivani-hospital,Sanjivani Hospital,Pune,313,15,242,5,16,22,85,78,71,10,0.773,synthetic-india-30d
2025-10-11,mumbai-lotus-care,Lotus Care Center,Mumbai,156,35,139,19,5,7,82,78,17,16,0.891,synthetic-india-30d
2025-10-12,mumbai-lotus-care,Lotus Care Center,Mumbai,156,35,137,17,5,10,86,78,19,18,0.878,synthetic-india-30d
2025-10-13,mumbai-lotus-care,Lotus Care Center,Mumbai,156,35,144,19,11,5,76,68,12,16,0.923,synthetic-india-30d
2025-10-14,mumbai-lotus-care,Lotus Care Center,Mumbai,156,35,144,20,4,1,82,79,12,15,0.923,synthetic-india-30d
2025-10-15,mumbai-lotus-care,Lotus Care Center,Mumbai,156,35,146,21,11,7,83,83,10,14,0.936,synthetic-india-30d
2025-10-16,mumbai-lotus-care,Lotus Care Center,Mumbai,156,35,154,19,6,1,83,77,2,16,0.987,synthetic-india-30d
2025-10-17,mumbai-lotus-care,Lotus Care Center,Mumbai,156,35,156,19,8,5,83,80,0,16,1.0,synthetic-india-30d
2025-10-18,mumbai-lotus-care,Lotus Care Center,Mumbai,156,35,154,18,5,8,81,80,2,17,0.987,synthetic-india-30d
2025-10-19,mumbai-lotus-care,Lotus Care Center,Mumbai,156,35,156,17,7,7,82,80,0,18,1.0,synthetic-india-30d
2025-10-20,mumbai-lotus-care,Lotus Care Center,Mumbai,156,35,156,16,11,6,84,84,0,19,1.0,synthetic-india-30d
2025-10-21,mumbai-lotus-care,Lotus Care Center,Mumbai,156,35,156,20,8,7,80,77,0,15,1.0,synthetic-india-30d
2025-10-22,mumbai-lotus-care,Lotus Care Center,Mumbai,156,35,153,18,4,9,86,86,3,17,0.981,synthetic-india-30d
2025-10-23,mumbai-lotus-care,Lotus Care Center,Mumbai,156,35,153,19,5,6,83,73,3,16,0.981,synthetic-india-30d
2025-10-24,mumbai-lotus-care,Lotus Care Center,Mumbai,156,35,152,20,6,9,85,75,4,15,0.974,synthetic-india-30d
2025-10-25,mumbai-lotus-care,Lotus Care Center,Mumbai,156,35,151,19,8,11,82,72,5,16,0.968,synthetic-india-30d
2025-10-26,mumbai-lotus-care,Lotus Care Center,Mumbai,156,35,148,19,6,11,81,81,8,16,0.949,synthetic-india-30d
2025-10-27,mumbai-lotus-care,Lotus Care Center,Mumbai,156,35,149,18,8,7,85,80,7,17,0.955,synthetic-india-30d
2025-10-28,mumbai-lotus-care,Lotus Care Center,Mumbai,156,35,153,16,10,11,84,76,3,19,0.981,synthetic-india-30d
2025-10-29,mumbai-lotus-care,Lotus Care Center,Mumbai,156,35,147,17,1,5,84,81,9,18,0.942,synthetic-india-30d
2025-10-30,mumbai-lotus-care,Lotus Care Center,Mumbai,156,35,148,18,6,9,82,81,8,17,0.949,synthetic-india-30d
2025-10-31,mumbai-lotus-care,Lotus Care Center,Mumbai,156,35,139,20,2,11,83,81,17,15,0.891,synthetic-india-30d
2025-11-01,mumbai-lotus-care,Lotus Care Center,Mumbai,156,35,136,19,7,6,86,79,20,16,0.872,synthetic-india-30d
2025-11-02,mumbai-lotus-care,Lotus Care Center,Mumbai,156,35,143,18,8,5,87,87,13,17,0.917,synthetic-india-30d
2025-11-03,mumbai-lotus-care,Lotus Care Center,Mumbai,156,35,152,19,13,4,82,72,4,16,0.974,synthetic-india-30d
2025-11-04,mumbai-lotus-care,Lotus Care Center,Mumbai,156,35,156,18,10,2,86,80,0,17,1.0,synthetic-india-30d
2025-11-05,mumbai-lotus-care,Lotus Care Center,Mumbai,156,35,154,17,8,10,79,80,2,18,0.987,synthetic-india-30d
2025-11-06,mumbai-lotus-care,Lotus Care Center,Mumbai,156,35,145,18,1,7,81,81,11,17,0.929,synthetic-india-30d
2025-11-07,mumbai-lotus-care,Lotus Care Center,Mumbai,156,35,136,18,4,13,81,72,20,17,0.872,synthetic-india-30d
2025-11-08,mumbai-lotus-care,Lotus Care Center,Mumbai,156,35,138,15,7,4,81,81,18,20,0.885,synthetic-india-30d
2025-11-09,mumbai-lotus-care,Lotus Care Center,Mumbai,156,35,135,14,8,10,80,75,21,21,0.865,synthetic-india-30d
2025-10-11,delhi-aarogyam,Aarogyam Multi-Speciality,Delhi,220,19,190,9,15,9,71,67,30,10,0.864,synthetic-india-30d
2025-10-12,delhi-aarogyam,Aarogyam Multi-Speciality,Delhi,220,19,188,8,8,8,70,64,32,11,0.855,synthetic-india-30d
2025-10-13,delhi-aarogyam,Aarogyam Multi-Speciality,Delhi,220,19,191,10,16,13,75,70,29,9,0.868,synthetic-india-30d
2025-10-14,delhi-aarogyam,Aarogyam Multi-Speciality,Delhi,220,19,192,11,12,9,73,74,28,8,0.873,synthetic-india-30d
2025-10-15,delhi-aarogyam,Aarogyam Multi-Speciality,Delhi,220,19,185,11,6,12,72,67,35,8,0.841,synthetic-india-30d
2025-10-16,delhi-aarogyam,Aarogyam Multi-Speciality,Delhi,220,19,182,11,8,11,70,68,38,8,0.827,synthetic-india-30d
2025-10-17,delhi-aarogyam,Aarogyam Multi-Speciality,Delhi,220,19,176,12,11,12,70,66,44,7,0.8,synthetic-india-30d
2025-10-18,delhi-aarogyam,Aarogyam Multi-Speciality,Delhi,220,19,172,10,5,9,72,68,48,9,0.782,synthetic-india-30d
2025-10-19,delhi-aarogyam,Aarogyam Multi-Speciality,Delhi,220,19,169,9,9,10,73,72,51,10,0.768,synthetic-india-30d
2025-10-20,delhi-aarogyam,Aarogyam Multi-Speciality,Delhi,220,19,175,9,7,8,72,65,45,10,0.795,synthetic-india-30d
2025-10-21,delhi-aarogyam,Aarogyam Multi-Speciality,Delhi,220,19,179,9,11,10,71,64,41,10,0.814,synthetic-india-30d
2025-10-22,delhi-aarogyam,Aarogyam Multi-Speciality,Delhi,220,19,179,8,9,12,73,72,41,11,0.814,synthetic-india-30d
2025-10-23,delhi-aarogyam,Aarogyam Multi-Speciality,Delhi,220,19,171,9,4,7,72,67,49,10,0.777,synthetic-india-30d
2025-10-24,delhi-aarogyam,Aarogyam Multi-Speciality,Delhi,220,19,168,8,10,13,73,67,52,11,0.764,synthetic-india-30d
2025-10-25,delhi-aarogyam,Aarogyam Multi-Speciality,Delhi,220,19,172,10,12,9,71,64,48,9,0.782,synthetic-india-30d
2025-10-26,delhi-aarogyam,Aarogyam Multi-Speciality,Delhi,220,19,166,10,8,15,71,63,54,9,0.755,synthetic-india-30d
2025-10-27,delhi-aarogyam,Aarogyam Multi-Speciality,Delhi,220,19,174,12,13,7,70,63,46,7,0.791,synthetic-india-30d
2025-10-28,delhi-aarogyam,Aarogyam Multi-Speciality,Delhi,220,19,172,12,7,11,77,74,48,7,0.782,synthetic-india-30d
2025-10-29,delhi-aarogyam,Aarogyam Multi-Speciality,Delhi,220,19,172,13,11,12,75,70,48,6,0.782,synthetic-india-30d
2025-10-30,delhi-aarogyam,Aarogyam Multi-Speciality,Delhi,220,19,176,14,15,11,73,68,44,5,0.8,synthetic-india-30d
2025-10-31,delhi-aarogyam,Aarogyam Multi-Speciality,Delhi,220,19,174,13,10,9,69,67,46,6,0.791,synthetic-india-30d
2025-11-01,delhi-aarogyam,Aarogyam Multi-Speciality,Delhi,220,19,175,13,7,6,69,64,45,6,0.795,synthetic-india-30d
2025-11-02,delhi-aarogyam,Aarogyam Multi-Speciality,Delhi,220,19,178,14,10,12,77,68,42,5,0.809,synthetic-india-30d
2025-11-03,delhi-aarogyam,Aarogyam Multi-Speciality,Delhi,220,19,183,15,11,8,69,61,37,4,0.832,synthetic-india-30d
2025-11-04,delhi-aarogyam,Aarogyam Multi-Speciality,Delhi,220,19,171,13,10,15,71,71,49,6,0.777,synthetic-india-30d
2025-11-05,delhi-aarogyam,Aarogyam Multi-Speciality,Delhi,220,19,171,14,9,10,71,64,49,5,0.777,synthetic-india-30d
2025-11-06,delhi-aarogyam,Aarogyam Multi-Speciality,Delhi,220,19,172,14,13,14,69,61,48,5,0.782,synthetic-india-30d
2025-11-07,delhi-aarogyam,Aarogyam Multi-Speciality,Delhi,220,19,170,15,13,13,69,62,50,4,0.773,synthetic-india-30d
2025-11-08,delhi-aarogyam,Aarogyam Multi-Speciality,Delhi,220,19,173,14,12,9,70,64,47,5,0.786,synthetic-india-30d
2025-11-09,delhi-aarogyam,Aarogyam Multi-Speciality,Delhi,220,19,168,16,14,14,67,63,52,3,0.764,synthetic-india-30d
2025-10-11,nagpur-shree-krishna,Shree Krishna Hospital,Nagpur,207,16,144,14,8,11,64,58,63,2,0.696,synthetic-india-30d
2025-10-12,nagpur-shree-krishna,Shree Krishna Hospital,Nagpur,207,16,140,13,10,16,65,59,67,3,0.676,synthetic-india-30d
2025-10-13,nagpur-shree-krishna,Shree Krishna Hospital,Nagpur,207,16,144,12,10,7,65,62,63,4,0.696,synthetic-india-30d
2025-10-14,nagpur-shree-krishna,Shree Krishna Hospital,Nagpur,207,16,152,11,13,6,60,53,55,5,0.734,synthetic-india-30d
2025-10-15,nagpur-shree-krishna,Shree Krishna Hospital,Nagpur,207,16,156,10,11,7,63,61,51,6,0.754,synthetic-india-30d
2025-10-16,nagpur-shree-krishna,Shree Krishna Hospital,Nagpur,207,16,146,12,6,11,65,59,61,4,0.705,synthetic-india-30d
2025-10-17,nagpur-shree-krishna,Shree Krishna Hospital,Nagpur,207,16,151,11,8,10,64,62,56,5,0.729,synthetic-india-30d
2025-10-18,nagpur-shree-krishna,Shree Krishna Hospital,Nagpur,207,16,160,10,15,5,66,63,47,6,0.773,synthetic-india-30d
2025-10-19,nagpur-shree-krishna,Shree Krishna Hospital,Nagpur,207,16,159,10,8,9,65,64,48,6,0.768,synthetic-india-30d
2025-10-20,nagpur-shree-krishna,Shree Krishna Hospital,Nagpur,207,16,161,8,12,13,64,65,46,8,0.778,synthetic-india-30d
2025-10-21,nagpur-shree-krishna,Shree Krishna Hospital,Nagpur,207,16,162,9,11,10,64,64,45,7,0.783,synthetic-india-30d
2025-10-22,nagpur-shree-krishna,Shree Krishna Hospital,Nagpur,207,16,168,7,12,8,67,65,39,9,0.812,synthetic-india-30d
2025-10-23,nagpur-shree-krishna,Shree Krishna Hospital,Nagpur,207,16,173,5,9,8,65,59,34,11,0.836,synthetic-india-30d
2025-10-24,nagpur-shree-krishna,Shree Krishna Hospital,Nagpur,207,16,174,7,13,12,60,58,33,9,0.841,synthetic-india-30d
2025-10-25,nagpur-shree-krishna,Shree Krishna Hospital,Nagpur,207,16,173,7,9,14,62,57,34,9,0.836,synthetic-india-30d
2025-10-26,nagpur-shree-krishna,Shree Krishna Hospital,Nagpur,207,16,173,6,7,4,63,63,34,10,0.836,synthetic-india-30d
2025-10-27,nagpur-shree-krishna,Shree Krishna Hospital,Nagpur,207,16,169,7,10,11,65,59,38,9,0.816,synthetic-india-30d
2025-10-28,nagpur-shree-krishna,Shree Krishna Hospital,Nagpur,207,16,177,8,17,8,64,65,30,8,0.855,synthetic-india-30d
2025-10-29,nagpur-shree-krishna,Shree Krishna Hospital,Nagpur,207,16,181,9,14,8,65,62,26,7,0.874,synthetic-india-30d
2025-10-30,nagpur-shree-krishna,Shree Krishna Hospital,Nagpur,207,16,179,8,5,7,67,64,28,8,0.865,synthetic-india-30d
2025-10-31,nagpur-shree-krishna,Shree Krishna Hospital,Nagpur,207,16,177,9,9,7,63,62,30,7,0.855,synthetic-india-30d
2025-11-01,nagpur-shree-krishna,Shree Krishna Hospital,Nagpur,207,16,186,11,11,0,62,59,21,5,0.899,synthetic-india-30d
2025-11-02,nagpur-shree-krishna,Shree Krishna Hospital,Nagpur,207,16,191,11,12,8,67,64,16,5,0.923,synthetic-india-30d
2025-11-03,nagpur-shree-krishna,Shree Krishna Hospital,Nagpur,207,16,198,11,13,7,65,64,9,5,0.957,synthetic-india-30d
2025-11-04,nagpur-shree-krishna,Shree Krishna Hospital,Nagpur,207,16,195,11,10,13,66,65,12,5,0.942,synthetic-india-30d
2025-11-05,nagpur-shree-krishna,Shree Krishna Hospital,Nagpur,207,16,200,13,16,10,62,62,7,3,0.966,synthetic-india-30d
2025-11-06,nagpur-shree-krishna,Shree Krishna Hospital,Nagpur,207,16,202,13,9,10,67,59,5,3,0.976,synthetic-india-30d
2025-11-07,nagpur-shree-krishna,Shree Krishna Hospital,Nagpur,207,16,195,13,5,11,67,63,12,3,0.942,synthetic-india-30d
2025-11-08,nagpur-shree-krishna,Shree Krishna Hospital,Nagpur,207,16,199,13,6,3,65,63,8,3,0.961,synthetic-india-30d
2025-11-09,nagpur-shree-krishna,Shree Krishna Hospital,Nagpur,207,16,195,11,8,9,68,62,12,5,0.942,synthetic-india-30d
2025-10-11,kolkata-sevamrut,Sevamrut Medical Institute,Kolkata,338,15,325,11,16,17,90,88,13,4,0.962,synthetic-india-30d
2025-10-12,kolkata-sevamrut,Sevamrut Medical Institute,Kolkata,338,15,327,11,18,17,90,85,11,4,0.967,synthetic-india-30d
2025-10-13,kolkata-sevamrut,Sevamrut Medical Institute,Kolkata,338,15,320,11,14,21,91,84,18,4,0.947,synthetic-india-30d
2025-10-14,kolkata-sevamrut,Sevamrut Medical Institute,Kolkata,338,15,319,13,14,15,89,81,19,2,0.944,synthetic-india-30d
2025-10-15,kolkata-sevamrut,Sevamrut Medical Institute,Kolkata,338,15,319,12,19,17,93,89,19,3,0.944,synthetic-india-30d
2025-10-16,kolkata-sevamrut,Sevamrut Medical Institute,Kolkata,338,15,325,12,19,13,88,79,13,3,0.962,synthetic-india-30d
2025-10-17,kolkata-sevamrut,Sevamrut Medical Institute,Kolkata,338,15,328,11,22,18,90,88,10,4,0.97,synthetic-india-30d
2025-10-18,kolkata-sevamrut,Sevamrut Medical Institute,Kolkata,338,15,327,10,14,17,91,90,11,5,0.967,synthetic-india-30d
2025-10-19,kolkata-sevamrut,Sevamrut Medical Institute,Kolkata,338,15,338,10,23,14,89,90,0,5,1.0,synthetic-india-30d
2025-10-20,kolkata-sevamrut,Sevamrut Medical Institute,Kolkata,338,15,338,12,18,13,89,87,0,3,1.0,synthetic-india-30d
2025-10-21,kolkata-sevamrut,Sevamrut Medical Institute,Kolkata,338,15,338,11,17,16,90,88,0,4,1.0,synthetic-india-30d
2025-10-22,kolkata-sevamrut,Sevamrut Medical Institute,Kolkata,338,15,338,9,18,10,93,93,0,6,1.0,synthetic-india-30d
2025-10-23,kolkata-sevamrut,Sevamrut Medical Institute,Kolkata,338,15,337,8,16,18,88,86,1,7,0.997,synthetic-india-30d
2025-10-24,kolkata-sevamrut,Sevamrut Medical Institute,Kolkata,338,15,338,8,18,17,92,87,0,7,1.0,synthetic-india-30d
2025-10-25,kolkata-sevamrut,Sevamrut Medical Institute,Kolkata,338,15,338,9,20,11,89,90,0,6,1.0,synthetic-india-30d
2025-10-26,kolkata-sevamrut,Sevamrut Medical Institute,Kolkata,338,15,338,9,17,11,92,84,0,6,1.0,synthetic-india-30d
2025-10-27,kolkata-sevamrut,Sevamrut Medical Institute,Kolkata,338,15,338,11,21,18,90,86,0,4,1.0,synthetic-india-30d
2025-10-28,kolkata-sevamrut,Sevamrut Medical Institute,Kolkata,338,15,338,11,18,15,88,88,0,4,1.0,synthetic-india-30d
2025-10-29,kolkata-sevamrut,Sevamrut Medical Institute,Kolkata,338,15,338,10,19,15,91,86,0,5,1.0,synthetic-india-30d
2025-10-30,kolkata-sevamrut,Sevamrut Medical Institute,Kolkata,338,15,334,9,8,13,88,82,4,6,0.988,synthetic-india-30d
2025-10-31,kolkata-sevamrut,Sevamrut Medical Institute,Kolkata,338,15,336,10,16,16,94,94,2,5,0.994,synthetic-india-30d
2025-11-01,kolkata-sevamrut,Sevamrut Medical Institute,Kolkata,338,15,338,8,16,14,91,88,0,7,1.0,synthetic-india-30d
2025-11-02,kolkata-sevamrut,Sevamrut Medical Institute,Kolkata,338,15,338,8,21,12,90,86,0,7,1.0,synthetic-india-30d
2025-11-03,kolkata-sevamrut,Sevamrut Medical Institute,Kolkata,338,15,338,9,18,17,91,89,0,6,1.0,synthetic-india-30d
2025-11-04,kolkata-sevamrut,Sevamrut Medical Institute,Kolkata,338,15,334,9,16,20,87,81,4,6,0.988,synthetic-india-30d
2025-11-05,kolkata-sevamrut,Sevamrut Medical Institute,Kolkata,338,15,337,8,12,13,88,78,1,7,0.997,synthetic-india-30d
2025-11-06,kolkata-sevamrut,Sevamrut Medical Institute,Kolkata,338,15,337,10,21,19,85,75,1,5,0.997,synthetic-india-30d
2025-11-07,kolkata-sevamrut,Sevamrut Medical Institute,Kolkata,338,15,338,14,23,12,91,89,0,1,1.0,synthetic-india-30d
2025-11-08,kolkata-sevamrut,Sevamrut Medical Institute,Kolkata,338,15,338,15,18,18,88,83,0,0,1.0,synthetic-india-30d
2025-11-09,kolkata-sevamrut,Sevamrut Medical Institute,Kolkata,338,15,338,15,16,13,90,86,0,0,1.0,synthetic-india-30d
2025-10-11,ahmedabad-sahyog,Sahyog Hospital,Ahmedabad,323,35,281,15,13,14,115,110,42,20,0.87,synthetic-india-30d
2025-10-12,ahmedabad-sahyog,Sahyog Hospital,Ahmedabad,323,35,279,15,17,19,117,112,44,20,0.864,synthetic-india-30d
2025-10-13,ahmedabad-sahyog,Sahyog Hospital,Ahmedabad,323,35,278,17,16,15,114,112,45,18,0.861,synthetic-india-30d
2025-10-14,ahmedabad-sahyog,Sahyog Hospital,Ahmedabad,323,35,274,20,14,17,115,108,49,15,0.848,synthetic-india-30d
2025-10-15,ahmedabad-sahyog,Sahyog Hospital,Ahmedabad,323,35,271,21,12,16,117,112,52,14,0.839,synthetic-india-30d
2025-10-16,ahmedabad-sahyog,Sahyog Hospital,Ahmedabad,323,35,276,24,15,10,116,104,47,11,0.854,synthetic-india-30d
2025-10-17,ahmedabad-sahyog,Sahyog Hospital,Ahmedabad,323,35,274,24,13,20,116,103,49,11,0.848,synthetic-india-30d
2025-10-18,ahmedabad-sahyog,Sahyog Hospital,Ahmedabad,323,35,275,24,15,12,117,116,48,11,0.851,synthetic-india-30d
2025-10-19,ahmedabad-sahyog,Sahyog Hospital,Ahmedabad,323,35,281,26,16,10,119,121,42,9,0.87,synthetic-india-30d
2025-10-20,ahmedabad-sahyog,Sahyog Hospital,Ahmedabad,323,35,281,24,12,17,115,116,42,11,0.87,synthetic-india-30d
2025-10-21,ahmedabad-sahyog,Sahyog Hospital,Ahmedabad,323,35,286,23,17,12,115,111,37,12,0.885,synthetic-india-30d
2025-10-22,ahmedabad-sahyog,Sahyog Hospital,Ahmedabad,323,35,288,22,19,13,119,115,35,13,0.892,synthetic-india-30d
2025-10-23,ahmedabad-sahyog,Sahyog Hospital,Ahmedabad,323,35,290,21,16,14,115,102,33,14,0.898,synthetic-india-30d
2025-10-24,ahmedabad-sahyog,Sahyog Hospital,Ahmedabad,323,35,289,23,12,15,114,108,34,12,0.895,synthetic-india-30d
2025-10-25,ahmedabad-sahyog,Sahyog Hospital,Ahmedabad,323,35,287,22,16,18,117,115,36,13,0.889,synthetic-india-30d
2025-10-26,ahmedabad-sahyog,Sahyog Hospital,Ahmedabad,323,35,291,20,17,13,119,120,32,15,0.901,synthetic-india-30d
2025-10-27,ahmedabad-sahyog,Sahyog Hospital,Ahmedabad,323,35,294,19,19,16,117,109,29,16,0.91,synthetic-india-30d
2025-10-28,ahmedabad-sahyog,Sahyog Hospital,Ahmedabad,323,35,290,19,12,14,115,109,33,16,0.898,synthetic-india-30d
2025-10-29,ahmedabad-sahyog,Sahyog Hospital,Ahmedabad,323,35,285,19,13,15,116,103,38,16,0.882,synthetic-india-30d
2025-10-30,ahmedabad-sahyog,Sahyog Hospital,Ahmedabad,323,35,291,20,20,13,115,102,32,15,0.901,synthetic-india-30d
2025-10-31,ahmedabad-sahyog,Sahyog Hospital,Ahmedabad,323,35,293,19,16,15,111,99,30,16,0.907,synthetic-india-30d
2025-11-01,ahmedabad-sahyog,Sahyog Hospital,Ahmedabad,323,35,298,21,18,15,116,113,25,14,0.923,synthetic-india-30d
2025-11-02,ahmedabad-sahyog,Sahyog Hospital,Ahmedabad,323,35,304,23,14,7,116,103,19,12,0.941,synthetic-india-30d
2025-11-03,ahmedabad-sahyog,Sahyog Hospital,Ahmedabad,323,35,318,23,17,9,115,108,5,12,0.985,synthetic-india-30d
2025-11-04,ahmedabad-sahyog,Sahyog Hospital,Ahmedabad,323,35,323,25,12,10,115,105,0,10,1.0,synthetic-india-30d
2025-11-05,ahmedabad-sahyog,Sahyog Hospital,Ahmedabad,323,35,323,26,21,15,118,113,0,9,1.0,synthetic-india-30d
2025-11-06,ahmedabad-sahyog,Sahyog Hospital,Ahmedabad,323,35,323,24,16,13,116,103,0,11,1.0,synthetic-india-30d
2025-11-07,ahmedabad-sahyog,Sahyog Hospital,Ahmedabad,323,35,323,24,16,13,119,107,0,11,1.0,synthetic-india-30d
2025-11-08,ahmedabad-sahyog,Sahyog Hospital,Ahmedabad,323,35,323,25,19,17,116,112,0,10,1.0,synthetic-india-30d
2025-11-09,ahmedabad-sahyog,Sahyog Hospital,Ahmedabad,323,35,323,26,15,17,120,118,0,9,1.0,synthetic-india-30d
2025-10-11,chennai-maa-janani,Maa Janani Healthcare,Chennai,378,29,342,16,17,15,118,118,36,13,0.905,synthetic-india-30d
2025-10-12,chennai-maa-janani,Maa Janani Healthcare,Chennai,378,29,348,16,18,14,117,110,30,13,0.921,synthetic-india-30d
2025-10-13,chennai-maa-janani,Maa Janani Healthcare,Chennai,378,29,349,16,20,20,119,118,29,13,0.923,synthetic-india-30d
2025-10-14,chennai-maa-janani,Maa Janani Healthcare,Chennai,378,29,343,17,16,18,121,115,35,12,0.907,synthetic-india-30d
2025-10-15,chennai-maa-janani,Maa Janani Healthcare,Chennai,378,29,353,16,20,12,118,103,25,13,0.934,synthetic-india-30d
2025-10-16,chennai-maa-janani,Maa Janani Healthcare,Chennai,378,29,346,18,15,20,116,113,32,11,0.915,synthetic-india-30d
2025-10-17,chennai-maa-janani,Maa Janani Healthcare,Chennai,378,29,345,17,15,19,117,118,33,12,0.913,synthetic-india-30d
2025-10-18,chennai-maa-janani,Maa Janani Healthcare,Chennai,378,29,349,17,20,13,114,111,29,12,0.923,synthetic-india-30d
2025-10-19,chennai-maa-janani,Maa Janani Healthcare,Chennai,378,29,344,18,19,20,117,113,34,11,0.91,synthetic-india-30d
2025-10-20,chennai-maa-janani,Maa Janani Healthcare,Chennai,378,29,350,19,26,18,120,119,28,10,0.926,synthetic-india-30d
2025-10-21,chennai-maa-janani,Maa Janani Healthcare,Chennai,378,29,353,19,21,16,120,118,25,10,0.934,synthetic-india-30d
2025-10-22,chennai-maa-janani,Maa Janani Healthcare,Chennai,378,29,367,20,21,9,118,107,11,9,0.971,synthetic-india-30d
2025-10-23,chennai-maa-janani,Maa Janani Healthcare,Chennai,378,29,367,21,23,20,118,117,11,8,0.971,synthetic-india-30d
2025-10-24,chennai-maa-janani,Maa Janani Healthcare,Chennai,378,29,357,19,16,21,116,102,21,10,0.944,synthetic-india-30d
2025-10-25,chennai-maa-janani,Maa Janani Healthcare,Chennai,378,29,364,19,19,12,120,113,14,10,0.963,synthetic-india-30d
2025-10-26,chennai-maa-janani,Maa Janani Healthcare,Chennai,378,29,367,18,17,14,118,115,11,11,0.971,synthetic-india-30d
2025-10-27,chennai-maa-janani,Maa Janani Healthcare,Chennai,378,29,363,18,17,19,118,108,15,11,0.96,synthetic-india-30d
2025-10-28,chennai-maa-janani,Maa Janani Healthcare,Chennai,378,29,362,18,18,19,122,120,16,11,0.958,synthetic-india-30d
2025-10-29,chennai-maa-janani,Maa Janani Healthcare,Chennai,378,29,358,18,18,15,119,120,20,11,0.947,synthetic-india-30d
2025-10-30,chennai-maa-janani,Maa Janani Healthcare,Chennai,378,29,360,19,20,17,120,115,18,10,0.952,synthetic-india-30d
2025-10-31,chennai-maa-janani,Maa Janani Healthcare,Chennai,378,29,358,21,20,18,119,113,20,8,0.947,synthetic-india-30d
2025-11-01,chennai-maa-janani,Maa Janani Healthcare,Chennai,378,29,363,19,22,17,117,110,15,10,0.96,synthetic-india-30d
2025-11-02,chennai-maa-janani,Maa Janani Healthcare,Chennai,378,29,356,20,20,20,119,118,22,9,0.942,synthetic-india-30d
2025-11-03,chennai-maa-janani,Maa Janani Healthcare,Chennai,378,29,356,19,16,16,117,108,22,10,0.942,synthetic-india-30d
2025-11-04,chennai-maa-janani,Maa Janani Healthcare,Chennai,378,29,352,18,19,23,120,114,26,11,0.931,synthetic-india-30d
2025-11-05,chennai-maa-janani,Maa Janani Healthcare,Chennai,378,29,355,20,18,15,117,118,23,9,0.939,synthetic-india-30d
2025-11-06,chennai-maa-janani,Maa Janani Healthcare,Chennai,378,29,363,18,19,13,118,118,15,11,0.96,synthetic-india-30d
2025-11-07,chennai-maa-janani,Maa Janani Healthcare,Chennai,378,29,371,19,22,14,118,118,7,10,0.981,synthetic-india-30d
2025-11-08,chennai-maa-janani,Maa Janani Healthcare,Chennai,378,29,370,16,17,16,119,120,8,13,0.979,synthetic-india-30d
2025-11-09,chennai-maa-janani,Maa Janani Healthcare,Chennai,378,29,375,15,23,18,118,104,3,14,0.992,synthetic-india-30d
2025-10-11,hyderabad-sparsh,Sparsh Super Specialty,Hyderabad,172,30,140,19,10,9,79,77,32,11,0.814,synthetic-india-30d
2025-10-12,hyderabad-sparsh,Sparsh Super Specialty,Hyderabad,172,30,140,18,12,7,74,73,32,12,0.814,synthetic-india-30d
2025-10-13,hyderabad-sparsh,Sparsh Super Specialty,Hyderabad,172,30,141,19,5,6,78,73,31,11,0.82,synthetic-india-30d
2025-10-14,hyderabad-sparsh,Sparsh Super Specialty,Hyderabad,172,30,139,17,5,10,81,82,33,13,0.808,synthetic-india-30d
2025-10-15,hyderabad-sparsh,Sparsh Super Specialty,Hyderabad,172,30,132,19,5,9,79,72,40,11,0.767,synthetic-india-30d
2025-10-16,hyderabad-sparsh,Sparsh Super Specialty,Hyderabad,172,30,135,18,7,6,79,71,37,12,0.785,synthetic-india-30d
2025-10-17,hyderabad-sparsh,Sparsh Super Specialty,Hyderabad,172,30,138,18,10,8,79,76,34,12,0.802,synthetic-india-30d
2025-10-18,hyderabad-sparsh,Sparsh Super Specialty,Hyderabad,172,30,140,18,7,5,81,75,32,12,0.814,synthetic-india-30d
2025-10-19,hyderabad-sparsh,Sparsh Super Specialty,Hyderabad,172,30,139,17,6,7,80,78,33,13,0.808,synthetic-india-30d
2025-10-20,hyderabad-sparsh,Sparsh Super Specialty,Hyderabad,172,30,135,19,7,10,77,73,37,11,0.785,synthetic-india-30d
2025-10-21,hyderabad-sparsh,Sparsh Super Specialty,Hyderabad,172,30,135,17,7,7,76,74,37,13,0.785,synthetic-india-30d
2025-10-22,hyderabad-sparsh,Sparsh Super Specialty,Hyderabad,172,30,133,18,5,9,77,68,39,12,0.773,synthetic-india-30d
2025-10-23,hyderabad-sparsh,Sparsh Super Specialty,Hyderabad,172,30,128,17,8,11,79,75,44,13,0.744,synthetic-india-30d
2025-10-24,hyderabad-sparsh,Sparsh Super Specialty,Hyderabad,172,30,135,18,11,2,79,74,37,12,0.785,synthetic-india-30d
2025-10-25,hyderabad-sparsh,Sparsh Super Specialty,Hyderabad,172,30,140,18,13,12,78,73,32,12,0.814,synthetic-india-30d
2025-10-26,hyderabad-sparsh,Sparsh Super Specialty,Hyderabad,172,30,137,21,6,9,79,70,35,9,0.797,synthetic-india-30d
2025-10-27,hyderabad-sparsh,Sparsh Super Specialty,Hyderabad,172,30,138,22,6,4,76,73,34,8,0.802,synthetic-india-30d
2025-10-28,hyderabad-sparsh,Sparsh Super Specialty,Hyderabad,172,30,139,23,8,5,77,73,33,7,0.808,synthetic-india-30d
2025-10-29,hyderabad-sparsh,Sparsh Super Specialty,Hyderabad,172,30,133,24,2,8,78,74,39,6,0.773,synthetic-india-30d
2025-10-30,hyderabad-sparsh,Sparsh Super Specialty,Hyderabad,172,30,134,24,6,8,75,70,38,6,0.779,synthetic-india-30d
2025-10-31,hyderabad-sparsh,Sparsh Super Specialty,Hyderabad,172,30,130,26,9,9,82,73,42,4,0.756,synthetic-india-30d
2025-11-01,hyderabad-sparsh,Sparsh Super Specialty,Hyderabad,172,30,130,26,11,5,78,69,42,4,0.756,synthetic-india-30d
2025-11-02,hyderabad-sparsh,Sparsh Super Specialty,Hyderabad,172,30,131,28,7,6,78,75,41,2,0.762,synthetic-india-30d
2025-11-03,hyderabad-sparsh,Sparsh Super Specialty,Hyderabad,172,30,133,27,8,8,77,69,39,3,0.773,synthetic-india-30d
2025-11-04,hyderabad-sparsh,Sparsh Super Specialty,Hyderabad,172,30,134,27,8,7,79,73,38,3,0.779,synthetic-india-30d
2025-11-05,hyderabad-sparsh,Sparsh Super Specialty,Hyderabad,172,30,132,27,5,10,77,70,40,3,0.767,synthetic-india-30d
2025-11-06,hyderabad-sparsh,Sparsh Super Specialty,Hyderabad,172,30,141,27,11,6,78,72,31,3,0.82,synthetic-india-30d
2025-11-07,hyderabad-sparsh,Sparsh Super Specialty,Hyderabad,172,30,153,28,11,2,81,73,19,2,0.89,synthetic-india-30d
2025-11-08,hyderabad-sparsh,Sparsh Super Specialty,Hyderabad,172,30,151,29,5,7,77,72,21,1,0.878,synthetic-india-30d
2025-11-09,hyderabad-sparsh,Sparsh Super Specialty,Hyderabad,172,30,144,28,7,11,78,70,28,2,0.837,synthetic-india-30d
2025-10-11,jaipur-royal-medicity,Royal Medicity,Jaipur,258,13,203,4,14,12,70,64,55,9,0.787,synthetic-india-30d
2025-10-12,jaipur-royal-medicity,Royal Medicity,Jaipur,258,13,208,2,17,12,68,63,50,11,0.806,synthetic-india-30d
2025-10-13,jaipur-royal-medicity,Royal Medicity,Jaipur,258,13,210,3,9,12,67,61,48,10,0.814,synthetic-india-30d
2025-10-14,jaipur-royal-medicity,Royal Medicity,Jaipur,258,13,211,2,11,8,67,60,47,11,0.818,synthetic-india-30d
2025-10-15,jaipur-royal-medicity,Royal Medicity,Jaipur,258,13,214,2,19,9,68,63,44,11,0.829,synthetic-india-30d
2025-10-16,jaipur-royal-medicity,Royal Medicity,Jaipur,258,13,215,2,14,12,74,74,43,11,0.833,synthetic-india-30d
2025-10-17,jaipur-royal-medicity,Royal Medicity,Jaipur,258,13,217,1,13,11,71,67,41,12,0.841,synthetic-india-30d
2025-10-18,jaipur-royal-medicity,Royal Medicity,Jaipur,258,13,219,1,12,13,69,64,39,12,0.849,synthetic-india-30d
2025-10-19,jaipur-royal-medicity,Royal Medicity,Jaipur,258,13,207,1,6,21,72,69,51,12,0.802,synthetic-india-30d
2025-10-20,jaipur-royal-medicity,Royal Medicity,Jaipur,258,13,206,2,14,15,71,71,52,11,0.798,synthetic-india-30d
2025-10-21,jaipur-royal-medicity,Royal Medicity,Jaipur,258,13,210,3,12,11,69,68,48,10,0.814,synthetic-india-30d
2025-10-22,jaipur-royal-medicity,Royal Medicity,Jaipur,258,13,207,2,8,9,72,64,51,11,0.802,synthetic-india-30d
2025-10-23,jaipur-royal-medicity,Royal Medicity,Jaipur,258,13,211,4,15,14,70,62,47,9,0.818,synthetic-india-30d
2025-10-24,jaipur-royal-medicity,Royal Medicity,Jaipur,258,13,210,4,10,7,70,70,48,9,0.814,synthetic-india-30d
2025-10-25,jaipur-royal-medicity,Royal Medicity,Jaipur,258,13,204,3,7,13,67,61,54,10,0.791,synthetic-india-30d
2025-10-26,jaipur-royal-medicity,Royal Medicity,Jaipur,258,13,198,2,10,15,72,68,60,11,0.767,synthetic-india-30d
2025-10-27,jaipur-royal-medicity,Royal Medicity,Jaipur,258,13,204,0,14,8,64,61,54,13,0.791,synthetic-india-30d
2025-10-28,jaipur-royal-medicity,Royal Medicity,Jaipur,258,13,207,0,13,10,72,71,51,13,0.802,synthetic-india-30d
2025-10-29,jaipur-royal-medicity,Royal Medicity,Jaipur,258,13,204,0,16,20,69,66,54,13,0.791,synthetic-india-30d
2025-10-30,jaipur-royal-medicity,Royal Medicity,Jaipur,258,13,205,1,11,10,73,65,53,12,0.795,synthetic-india-30d
2025-10-31,jaipur-royal-medicity,Royal Medicity,Jaipur,258,13,203,2,8,9,72,67,55,11,0.787,synthetic-india-30d
2025-11-01,jaipur-royal-medicity,Royal Medicity,Jaipur,258,13,208,4,12,12,69,67,50,9,0.806,synthetic-india-30d
2025-11-02,jaipur-royal-medicity,Royal Medicity,Jaipur,258,13,208,4,13,12,70,70,50,9,0.806,synthetic-india-30d
2025-11-03,jaipur-royal-medicity,Royal Medicity,Jaipur,258,13,216,3,11,3,68,60,42,10,0.837,synthetic-india-30d
2025-11-04,jaipur-royal-medicity,Royal Medicity,Jaipur,258,13,211,1,11,16,73,66,47,12,0.818,synthetic-india-30d
2025-11-05,jaipur-royal-medicity,Royal Medicity,Jaipur,258,13,212,2,12,15,72,66,46,11,0.822,synthetic-india-30d
2025-11-06,jaipur-royal-medicity,Royal Medicity,Jaipur,258,13,202,3,9,17,69,61,56,10,0.783,synthetic-india-30d
2025-11-07,jaipur-royal-medicity,Royal Medicity,Jaipur,258,13,207,3,12,7,65,60,51,10,0.802,synthetic-india-30d
2025-11-08,jaipur-royal-medicity,Royal Medicity,Jaipur,258,13,213,3,20,14,68,67,45,10,0.826,synthetic-india-30d
2025-11-09,jaipur-royal-medicity,Royal Medicity,Jaipur,258,13,221,3,16,12,69,65,37,10,0.857,synthetic-india-30d
2025-10-11,bengaluru-nirmal-ayu,Nirmal Ayu Hospital,Bengaluru,157,14,115,8,8,7,48,42,42,6,0.732,synthetic-india-30d
2025-10-12,bengaluru-nirmal-ayu,Nirmal Ayu Hospital,Bengaluru,157,14,113,10,5,5,51,51,44,4,0.72,synthetic-india-30d
2025-10-13,bengaluru-nirmal-ayu,Nirmal Ayu Hospital,Bengaluru,157,14,109,10,7,8,54,51,48,4,0.694,synthetic-india-30d
2025-10-14,bengaluru-nirmal-ayu,Nirmal Ayu Hospital,Bengaluru,157,14,109,7,9,8,53,49,48,7,0.694,synthetic-india-30d
2025-10-15,bengaluru-nirmal-ayu,Nirmal Ayu Hospital,Bengaluru,157,14,110,7,7,8,50,44,47,7,0.701,synthetic-india-30d
2025-10-16,bengaluru-nirmal-ayu,Nirmal Ayu Hospital,Bengaluru,157,14,118,7,14,7,52,47,39,7,0.752,synthetic-india-30d
2025-10-17,bengaluru-nirmal-ayu,Nirmal Ayu Hospital,Bengaluru,157,14,108,9,7,11,51,51,49,5,0.688,synthetic-india-30d
2025-10-18,bengaluru-nirmal-ayu,Nirmal Ayu Hospital,Bengaluru,157,14,110,9,9,7,52,50,47,5,0.701,synthetic-india-30d
2025-10-19,bengaluru-nirmal-ayu,Nirmal Ayu Hospital,Bengaluru,157,14,111,8,9,7,53,51,46,6,0.707,synthetic-india-30d
2025-10-20,bengaluru-nirmal-ayu,Nirmal Ayu Hospital,Bengaluru,157,14,103,6,3,8,51,46,54,8,0.656,synthetic-india-30d
2025-10-21,bengaluru-nirmal-ayu,Nirmal Ayu Hospital,Bengaluru,157,14,100,6,4,9,51,48,57,8,0.637,synthetic-india-30d
2025-10-22,bengaluru-nirmal-ayu,Nirmal Ayu Hospital,Bengaluru,157,14,103,5,7,5,48,47,54,9,0.656,synthetic-india-30d
2025-10-23,bengaluru-nirmal-ayu,Nirmal Ayu Hospital,Bengaluru,157,14,93,6,2,10,49,44,64,8,0.592,synthetic-india-30d
2025-10-24,bengaluru-nirmal-ayu,Nirmal Ayu Hospital,Bengaluru,157,14,101,5,10,2,55,52,56,9,0.643,synthetic-india-30d
2025-10-25,bengaluru-nirmal-ayu,Nirmal Ayu Hospital,Bengaluru,157,14,104,5,12,7,51,48,53,9,0.662,synthetic-india-30d
2025-10-26,bengaluru-nirmal-ayu,Nirmal Ayu Hospital,Bengaluru,157,14,105,5,12,8,52,46,52,9,0.669,synthetic-india-30d
2025-10-27,bengaluru-nirmal-ayu,Nirmal Ayu Hospital,Bengaluru,157,14,98,4,0,8,53,47,59,10,0.624,synthetic-india-30d
2025-10-28,bengaluru-nirmal-ayu,Nirmal Ayu Hospital,Bengaluru,157,14,105,4,11,7,46,40,52,10,0.669,synthetic-india-30d
2025-10-29,bengaluru-nirmal-ayu,Nirmal Ayu Hospital,Bengaluru,157,14,107,3,4,4,48,44,50,11,0.682,synthetic-india-30d
2025-10-30,bengaluru-nirmal-ayu,Nirmal Ayu Hospital,Bengaluru,157,14,103,4,5,10,48,46,54,10,0.656,synthetic-india-30d
2025-10-31,bengaluru-nirmal-ayu,Nirmal Ayu Hospital,Bengaluru,157,14,104,5,8,5,53,48,53,9,0.662,synthetic-india-30d
2025-11-01,bengaluru-nirmal-ayu,Nirmal Ayu Hospital,Bengaluru,157,14,99,3,3,10,52,52,58,11,0.631,synthetic-india-30d
2025-11-02,bengaluru-nirmal-ayu,Nirmal Ayu Hospital,Bengaluru,157,14,98,5,9,10,53,48,59,9,0.624,synthetic-india-30d
2025-11-03,bengaluru-nirmal-ayu,Nirmal Ayu Hospital,Bengaluru,157,14,103,6,9,5,53,50,54,8,0.656,synthetic-india-30d
2025-11-04,bengaluru-nirmal-ayu,Nirmal Ayu Hospital,Bengaluru,157,14,98,5,7,9,51,50,59,9,0.624,synthetic-india-30d
2025-11-05,bengaluru-nirmal-ayu,Nirmal Ayu Hospital,Bengaluru,157,14,99,6,7,7,54,54,58,8,0.631,synthetic-india-30d
2025-11-06,bengaluru-nirmal-ayu,Nirmal Ayu Hospital,Bengaluru,157,14,103,6,7,5,47,42,54,8,0.656,synthetic-india-30d
2025-11-07,bengaluru-nirmal-ayu,Nirmal Ayu Hospital,Bengaluru,157,14,107,6,11,4,53,51,50,8,0.682,synthetic-india-30d
2025-11-08,bengaluru-nirmal-ayu,Nirmal Ayu Hospital,Bengaluru,157,14,109,6,11,8,49,47,48,8,0.694,synthetic-india-30d
2025-11-09,bengaluru-nirmal-ayu,Nirmal Ayu Hospital,Bengaluru,157,14,99,6,3,11,53,49,58,8,0.631,synthetic-india-30d
